id,first_name,last_name,account_number,digit,cpf,address,zip_code,city,state,country,credit_card,is_active,date_registered
1,Danilo,A Santos,897788,6,677332639-45,Servidão Omega 1772,25956-240,Teresópolis,Rio de Janeiro,Brazil,,False,
3,Marcos,A Sousa,664536,7,288254979-46,Rua Tiradentes 1431,9911-190,Diadema,São Paulo,Brazil,2845-7379-8956,True,
7,Julia,C Dias,855873,6,382862948-94,Quadra SQS 316 Bloco E 831,70387-050,Brasília,Distrito Federal,Brazil,,False,
9,Rafaela,Fernandes,695635,9,235299468-49,Travessa São Matheus 985,14055-564,Ribeirão Preto,São Paulo,Brazil,8739-9286-2674,True,
